"Global_Index", "x_coord", "y_coord", "Pressure", "Pressure_Coefficient", "Mach_Number"
89, 4.271475540643247e-01, -4.587630209085638e-02, 1.417439394477203e+05, 2.279450957539477e-02, 2.588934400238829e+00
90, 4.221600113380711e-01, -4.594458310830939e-02, 1.427774149289804e+05, 2.337734443141541e-02, 2.584376016727220e+00
91, 4.171724114493011e-01, -4.600855678186287e-02, 1.437917507750938e+05, 2.394938537244020e-02, 2.579959048887335e+00
92, 4.121847617584970e-01, -4.606852065634214e-02, 1.447711677759319e+05, 2.450173361583694e-02, 2.575643361538916e+00
93, 4.071970687642043e-01, -4.612477232750225e-02, 1.457227758871453e+05, 2.503839886483824e-02, 2.571504363716095e+00
94, 4.022093384310583e-01, -4.617760943144308e-02, 1.466672891879129e+05, 2.557106295183835e-02, 2.567489329143334e+00
95, 3.972215758569782e-01, -4.622731248361264e-02, 1.476115623020026e+05, 2.610359158408379e-02, 2.563436388338877e+00
96, 3.922337827239283e-01, -4.627385595985619e-02, 1.485863663785161e+05, 2.665333834042712e-02, 2.559183170781866e+00
97, 3.872459586112931e-01, -4.631695062220857e-02, 1.495664141931160e+05, 2.720604233512585e-02, 2.554955290827359e+00
98, 3.822581038263522e-01, -4.635629858765183e-02, 1.505853439000625e+05, 2.778067401223078e-02, 2.550756154124807e+00
99, 3.772702186422780e-01, -4.639160196332952e-02, 1.516540437445207e+05, 2.838337386459170e-02, 2.546364600046984e+00
100, 3.722823045839668e-01, -4.642256283918026e-02, 1.527957870742190e+05, 2.902726703984716e-02, 2.541810633409272e+00
101, 3.672943639527038e-01, -4.644888329638812e-02, 1.539883885560864e+05, 2.969984198291855e-02, 2.536943636509997e+00
102, 3.623063997635901e-01, -4.647026541248837e-02, 1.552336079257991e+05, 3.040209110756708e-02, 2.531915240904177e+00
103, 3.573184158462216e-01, -4.648641126632391e-02, 1.565211068329454e+05, 3.112818403747228e-02, 2.526730025956804e+00
104, 3.523304171266509e-01, -4.649702294404796e-02, 1.577844217408732e+05, 3.184063825222837e-02, 2.521745255971723e+00
105, 3.473424095251550e-01, -4.650195131176164e-02, 1.589911349226879e+05, 3.252117157530600e-02, 2.517014208581535e+00
106, 3.423543994537975e-01, -4.650180007977499e-02, 1.601893378524712e+05, 3.319690548939197e-02, 2.512409759877881e+00
107, 3.373663920121124e-01, -4.649667280290872e-02, 1.614035946511702e+05, 3.388169308162291e-02, 2.507916881693961e+00
108, 3.323783921748764e-01, -4.648656950159088e-02, 1.626306963204592e+05, 3.457372461764995e-02, 2.503242916355683e+00
109, 3.273904048899560e-01, -4.647149021600604e-02, 1.639111826111207e+05, 3.529586273934412e-02, 2.498410244455598e+00
110, 3.224024351366702e-01, -4.645143500622476e-02, 1.652637453524369e+05, 3.605864881882875e-02, 2.493303743655133e+00
111, 3.174144878712726e-01, -4.642640395205959e-02, 1.667219028769314e+05, 3.688098572594915e-02, 2.487951803873944e+00
112, 3.124265680438142e-01, -4.639639715305958e-02, 1.681460671389437e+05, 3.768415192355218e-02, 2.482914100462413e+00
113, 3.074386806572676e-01, -4.636141472892332e-02, 1.695567978420990e+05, 3.847974218298912e-02, 2.478056809776380e+00
114, 3.024508306192280e-01, -4.632145681850064e-02, 1.708589390203342e+05, 3.921409271176018e-02, 2.473291879505750e+00
115, 2.974630195453660e-01, -4.627689013068630e-02, 1.720145528245569e+05, 3.986580822646050e-02, 2.469005367925574e+00
116, 2.924752344581762e-01, -4.622950094466479e-02, 1.731777018872835e+05, 4.052177329655408e-02, 2.464798549502933e+00
117, 2.874874822388038e-01, -4.617877401782600e-02, 1.744783722690507e+05, 4.125529436060803e-02, 2.460081282894313e+00
118, 2.824997749389398e-01, -4.612381616122994e-02, 1.757717624421543e+05, 4.198470970619537e-02, 2.455386812831963e+00
119, 2.775121267623833e-01, -4.606373430226626e-02, 1.771475673125066e+05, 4.276060332734501e-02, 2.450374364376195e+00
120, 2.725245548455906e-01, -4.599763553104678e-02, 1.786857017342281e+05, 4.362804369770718e-02, 2.444920832781242e+00
121, 2.675370793596730e-01, -4.592462714904256e-02, 1.805059627128521e+05, 4.465459107559248e-02, 2.438905880014366e+00
122, 2.625497242877718e-01, -4.584381673811929e-02, 1.825492932377740e+05, 4.580693989652760e-02, 2.432363809255468e+00
123, 2.575625177687810e-01, -4.575431223808262e-02, 1.848142470436419e+05, 4.708427453026929e-02, 2.424823986409961e+00
124, 2.525754926712609e-01, -4.565522204341150e-02, 1.870306528059175e+05, 4.833423019613970e-02, 2.417783574958122e+00
125, 2.475886737420168e-01, -4.554624186649141e-02, 1.890692490397813e+05, 4.948390908450536e-02, 2.411106444975109e+00
126, 2.426020102526502e-01, -4.543035268020576e-02, 1.909789675059164e+05, 5.056090656285161e-02, 2.404943451577742e+00
127, 2.376155106731574e-01, -4.530761658315702e-02, 1.930178317394171e+05, 5.171073659126126e-02, 2.398532291028629e+00
128, 2.326291999138876e-01, -4.517743979720184e-02, 1.952192654612937e+05, 5.295224868283457e-02, 2.391941389218831e+00
129, 2.276431052874331e-01, -4.503922889677698e-02, 1.976907739474170e+05, 5.434607109931523e-02, 2.384509085382787e+00
130, 2.226572574775116e-01, -4.489239088952564e-02, 2.002574041539284e+05, 5.579353799523651e-02, 2.376611818777505e+00
131, 2.176716898243650e-01, -4.473633325799525e-02, 2.028409090970435e+05, 5.725052150268570e-02, 2.368727011265219e+00
132, 2.126864390465014e-01, -4.457046404790912e-02, 2.055998540102205e+05, 5.880644546062980e-02, 2.360099545413735e+00
133, 2.077015453523720e-01, -4.439419194824096e-02, 2.088286448100930e+05, 6.062734189705996e-02, 2.350460295402693e+00
134, 2.027170526332803e-01, -4.420692638196950e-02, 2.124999976132819e+05, 6.269782389808294e-02, 2.339923569714827e+00
135, 1.977330132082165e-01, -4.400798602977622e-02, 2.164992314196285e+05, 6.495321640809473e-02, 2.328530652319559e+00
136, 1.927494678330347e-01, -4.379700382233219e-02, 2.203538690755492e+05, 6.712706302945919e-02, 2.318162106313312e+00
137, 1.877663868017188e-01, -4.357531556909276e-02, 2.239939874800578e+05, 6.917993019917965e-02, 2.308943857532468e+00
138, 1.827837430262329e-01, -4.334400456474897e-02, 2.274494158958428e+05, 7.112864031347096e-02, 2.300274623749547e+00
139, 1.778015214846454e-01, -4.310377066774437e-02, 2.305978338402139e+05, 7.290420998355444e-02, 2.292463282717387e+00
140, 1.728197185951806e-01, -4.285500422585981e-02, 2.332984276721621e+05, 7.442722649023983e-02, 2.285541882642294e+00
141, 1.678383436391291e-01, -4.259781116818320e-02, 2.355672868408120e+05, 7.570676357734982e-02, 2.279796871748999e+00
142, 1.628574213929343e-01, -4.233199320974013e-02, 2.378531037295932e+05, 7.699586407505872e-02, 2.274052691474381e+00
143, 1.578769991901245e-01, -4.205696923906607e-02, 2.408553299368476e+05, 7.868898801556384e-02, 2.265922543137251e+00
144, 1.528971598060593e-01, -4.177159142581446e-02, 2.466767685278773e+05, 8.197202412484710e-02, 2.251491331043998e+00
145, 1.479181546188151e-01, -4.147209329032319e-02, 2.571797190319874e+05, 8.789522768008876e-02, 2.225482536443370e+00
146, 1.429409498710291e-01, -4.114405756017923e-02, 2.662994940872881e+05, 9.303838093111311e-02, 2.205656180901892e+00
147, 1.379656295532311e-01, -4.078855105501595e-02, 2.743288497524963e+05, 9.756658545838853e-02, 2.189682388938264e+00
148, 1.329919932014313e-01, -4.041018891241585e-02, 2.781216279899408e+05, 9.970554608011890e-02, 2.181693364286316e+00
149, 1.280197317508787e-01, -4.001415413950590e-02, 2.774162882423845e+05, 9.930776538994580e-02, 2.181542192241153e+00
150, 1.230483042769996e-01, -3.960775572456528e-02, 2.747446158064220e+05, 9.780105928246283e-02, 2.181795300283535e+00
151, 1.180765232417296e-01, -3.920573618291657e-02, 2.681959596975709e+05, 9.410790437986445e-02, 2.202245507672242e+00
152, 1.131360294035970e-01, -3.893346983081575e-02, 2.974231089307069e+05, 1.105907350072719e-01, 2.124700916633015e+00
153, 1.081761933891061e-01, -3.840416958634384e-02, 3.208463646419929e+05, 1.238004241751044e-01, 2.081148579495378e+00
154, 1.032164969925042e-01, -3.787343301028377e-02, 3.235033899516000e+05, 1.252988699455641e-01, 2.071584056853156e+00
155, 9.825732494276547e-02, -3.733783780308049e-02, 3.295685502408197e+05, 1.287193544060173e-01, 2.058063974318019e+00
156, 9.329915943697056e-02, -3.679300276024942e-02, 3.361622135287001e+05, 1.324378913841317e-01, 2.045422448899982e+00
157, 8.834246931252802e-02, -3.623491661211887e-02, 3.435406557127420e+05, 1.365990092490174e-01, 2.030789175174425e+00
158, 8.338796000251369e-02, -3.565780962708554e-02, 3.522131964559642e+05, 1.414899419581766e-01, 2.015253424045151e+00
159, 7.843699351236490e-02, -3.505112267234815e-02, 3.679609556584345e+05, 1.503709876470675e-01, 1.986518831058286e+00
160, 7.349286982708132e-02, -3.439122152406174e-02, 3.889328809481463e+05, 1.621982339420655e-01, 1.951485570844502e+00
161, 6.855769008168293e-02, -3.366739738602673e-02, 4.120191266593031e+05, 1.752178642469018e-01, 1.916540850382461e+00
162, 6.363194710593818e-02, -3.288191813604989e-02, 4.334079154167489e+05, 1.872802032592430e-01, 1.885550042225015e+00
163, 5.871631414670783e-02, -3.203546038196410e-02, 4.528125589608354e+05, 1.982235713712371e-01, 1.858626010946336e+00
164, 5.381060966379878e-02, -3.113319715086507e-02, 4.706347838281135e+05, 2.082745247347579e-01, 1.833862236233837e+00
165, 4.891347467864120e-02, -3.018548741980069e-02, 4.958054171109622e+05, 2.224696582346550e-01, 1.798684750554751e+00
166, 4.403197940705164e-02, -2.916060316316954e-02, 5.355221666098154e+05, 2.448681634682263e-01, 1.749578551345678e+00
167, 3.917351582424346e-02, -2.803163934318485e-02, 5.785606785621180e+05, 2.691399970742621e-01, 1.700261696179374e+00
168, 3.434084619555807e-02, -2.679687612579099e-02, 6.234917500041501e+05, 2.944791512483311e-01, 1.650717482780583e+00
169, 2.953783774054885e-02, -2.545180526815688e-02, 6.796421547272430e+05, 3.261455174521832e-01, 1.591227575035845e+00
170, 2.478799605429410e-02, -2.392987807318477e-02, 7.301349486829725e+05, 3.546212392558444e-01, 1.536312450692645e+00
171, 2.009643722797206e-02, -2.223661348502558e-02, 7.898134227962826e+05, 3.882772818984358e-01, 1.472519424611493e+00
172, 1.551032326400447e-02, -2.027947881766418e-02, 9.348621415022438e+05, 4.700783992117268e-01, 1.333486531749738e+00
173, 1.112795208286539e-02, -1.790061962824907e-02, 1.222729710969416e+06, 6.324230860918073e-01, 1.130560097419776e+00
174, 7.047201846685197e-03, -1.503797050344939e-02, 1.762672614237447e+06, 9.369272083394716e-01, 8.533427328900391e-01
175, 3.675123290736043e-03, -1.139161211788397e-02, 2.333358343423946e+06, 1.258768936406300e+00, 6.360936752698904e-01
176, 1.300144621984607e-03, -7.015854607894928e-03, 2.809266798106747e+06, 1.527160437408197e+00, 3.534603724109572e-01
177, 1.326638438896690e-04, -2.176956704774261e-03, 3.133723528548276e+06, 1.710139806731255e+00, 1.392528449889779e-01
178, 2.217382814469748e-04, 2.793605077683265e-03, 2.825891749097403e+06, 1.536536180802878e+00, 2.550387417492168e-01
179, 1.540029722592580e-03, 7.590842362212020e-03, 2.621460815172888e+06, 1.421246097873399e+00, 4.765685623223849e-01
180, 4.036240720849822e-03, 1.189933892803832e-02, 2.663742841964206e+06, 1.445091307018691e+00, 5.299179777940534e-01
181, 7.536442771750309e-03, 1.542379966994538e-02, 1.518800581888722e+06, 7.993940752958848e-01, 9.609513940459979e-01
182, 1.166219842397258e-02, 1.822124802466777e-02, 1.537064956314951e+06, 8.096943816234615e-01, 9.952474325324697e-01
183, 1.607252007509257e-02, 2.054810350658879e-02, 9.471673128096377e+05, 4.770179762769802e-01, 1.319008936386575e+00
184, 2.067941921431747e-02, 2.245652679862558e-02, 8.847752844029984e+05, 4.418316079957695e-01, 1.378698436294100e+00
185, 2.537813979706254e-02, 2.412978173833229e-02, 7.603613319622932e+05, 3.716675940712944e-01, 1.503141802688069e+00
186, 3.013516897470962e-02, 2.562907254263536e-02, 7.300311822953182e+05, 3.545627195631135e-01, 1.540101164214749e+00
187, 3.494313118844652e-02, 2.695651047228939e-02, 6.387590754066558e+05, 3.030892533399067e-01, 1.631321387027104e+00
188, 3.977902641411809e-02, 2.817856407813046e-02, 5.930097231034541e+05, 2.772886246397824e-01, 1.684567336590930e+00
189, 4.464058366535685e-02, 2.929413434903870e-02, 5.545866526427518e+05, 2.556196976590190e-01, 1.740650843872550e+00
190, 4.952464662046008e-02, 3.030672525294246e-02, 5.465111633577733e+05, 2.510654757930413e-01, 1.753951287684054e+00
191, 5.442290581026105e-02, 3.124862458160588e-02, 5.235840305286173e+05, 2.381355781769370e-01, 1.784374566505827e+00
192, 5.932979682354124e-02, 3.214440774256755e-02, 4.813580903241458e+05, 2.143219994073643e-01, 1.832267748803996e+00
193, 6.424670619385572e-02, 3.298341832246543e-02, 4.519978857765156e+05, 1.977641314167372e-01, 1.870230671256011e+00
194, 6.917367531971554e-02, 3.376116283421540e-02, 4.296166822123040e+05, 1.851421139683784e-01, 1.903166931341551e+00
195, 7.410996499086597e-02, 3.447738642280739e-02, 4.073339222676716e+05, 1.725756144049468e-01, 1.935380254800295e+00
196, 7.905356579942571e-02, 3.514141156186721e-02, 3.897336789837778e+05, 1.626498489210971e-01, 1.964278403079377e+00
197, 8.400164408681639e-02, 3.577124554858904e-02, 3.775264850934761e+05, 1.557655268230100e-01, 1.983202696602878e+00
198, 8.895348470763909e-02, 3.637079101180064e-02, 3.658772349762777e+05, 1.491958605484630e-01, 2.001999784065153e+00
199, 9.390869102881734e-02, 3.694185465869458e-02, 3.534225407974352e+05, 1.421719591399303e-01, 2.019941995725894e+00
200, 9.886702586703551e-02, 3.748508672738275e-02, 3.418685628970552e+05, 1.356560222182117e-01, 2.039951031125634e+00
201, 1.038283538579713e-01, 3.800026099962599e-02, 3.293548186396582e+05, 1.285988191545780e-01, 2.066136871412672e+00
202, 1.087926122678815e-01, 3.848638293083750e-02, 3.191811259540985e+05, 1.228613025718366e-01, 2.084364798234695e+00
203, 1.137596366364949e-01, 3.894338766470445e-02, 3.104703891935996e+05, 1.179488289837367e-01, 2.101420013900885e+00
204, 1.187289702882849e-01, 3.937456448679623e-02, 3.019704778999415e+05, 1.131552517147462e-01, 2.118407888582554e+00
205, 1.237003796003836e-01, 3.978111512725994e-02, 2.931770649909524e+05, 1.081961524040478e-01, 2.135007673360335e+00
206, 1.286736169918206e-01, 4.016467404452313e-02, 2.849886646893072e+05, 1.035782536755460e-01, 2.152785476559921e+00
207, 1.336484245668455e-01, 4.052729569539202e-02, 2.765538083681343e+05, 9.882136455853334e-02, 2.169875043991655e+00
208, 1.386245568969017e-01, 4.087127660471768e-02, 2.704117109242136e+05, 9.535749091633776e-02, 2.183584849629201e+00
209, 1.436017878993222e-01, 4.119898983958406e-02, 2.653562122372629e+05, 9.250641132833549e-02, 2.195832672249518e+00
210, 1.485799182637978e-01, 4.151275287071243e-02, 2.617292622929624e+05, 9.046097059276723e-02, 2.205099727168042e+00
211, 1.535588339558157e-01, 4.181381218939915e-02, 2.576551104388480e+05, 8.816332758879025e-02, 2.214828894626004e+00
212, 1.585385298180060e-01, 4.210167726617668e-02, 2.533254295244693e+05, 8.572157739915794e-02, 2.225102797565762e+00
213, 1.635188895908741e-01, 4.237782061671735e-02, 2.489828892851527e+05, 8.327257511411099e-02, 2.235288829434773e+00
214, 1.684998278525605e-01, 4.264332846999749e-02, 2.450465062961910e+05, 8.105262770924732e-02, 2.244392220681263e+00
215, 1.734812853886038e-01, 4.289891195338650e-02, 2.414803092455096e+05, 7.904144894181221e-02, 2.253003091394449e+00
216, 1.784632209691950e-01, 4.314500006345298e-02, 2.378497307525071e+05, 7.699396186387912e-02, 2.261318153754025e+00
217, 1.834456071344054e-01, 4.338179090545208e-02, 2.340567058064537e+05, 7.485486210931087e-02, 2.271681561752342e+00
218, 1.884284268708914e-01, 4.360927556754710e-02, 2.302811427806698e+05, 7.272561011211154e-02, 2.281880950278214e+00
219, 1.934116719406980e-01, 4.382724092246863e-02, 2.266204170916518e+05, 7.066112133750763e-02, 2.291678966494427e+00
220, 1.983953424421167e-01, 4.403525234409666e-02, 2.229512669349599e+05, 6.859188153252826e-02, 2.302175946725951e+00
221, 2.033794479059411e-01, 4.423246783232434e-02, 2.191037486258718e+05, 6.642204991061114e-02, 2.313106147939219e+00
222, 2.083639965349991e-01, 4.441823840859525e-02, 2.154934560972322e+05, 6.438600322708807e-02, 2.322972693616101e+00
223, 2.133489401413379e-01, 4.459309395995664e-02, 2.118494224862506e+05, 6.233092805258925e-02, 2.333359955062025e+00
224, 2.183342353002025e-01, 4.475762516508977e-02, 2.083664112542253e+05, 6.036666243937840e-02, 2.344219743479541e+00
225, 2.233198422508435e-01, 4.491242342461445e-02, 2.051119996458710e+05, 5.853131699037526e-02, 2.354566110007428e+00
226, 2.283057247116104e-01, 4.505808077161687e-02, 2.023883956924789e+05, 5.699532378413389e-02, 2.363204965224828e+00
227, 2.332918497407136e-01, 4.519518979176051e-02, 1.998998567285095e+05, 5.559189692489348e-02, 2.370975023083604e+00
228, 2.382781870494299e-01, 4.532434353711725e-02, 1.975859153075711e+05, 5.428693542424085e-02, 2.379217451203574e+00
229, 2.432647098802415e-01, 4.544613548892822e-02, 1.955291307397642e+05, 5.312699911304596e-02, 2.386433126556040e+00
230, 2.482513933520613e-01, 4.556115946145322e-02, 1.937004550727377e+05, 5.209570621986548e-02, 2.392958732241057e+00
231, 2.532382375240459e-01, 4.566897501353000e-02, 1.917211664833986e+05, 5.097947424251447e-02, 2.399803135348225e+00
232, 2.582252887863567e-01, 4.576673995266657e-02, 1.896200776048829e+05, 4.979455224271712e-02, 2.406762503052129e+00
233, 2.632125167978732e-01, 4.585503765790774e-02, 1.873993168349343e+05, 4.854214054347571e-02, 2.413771656800271e+00
234, 2.681998894386508e-01, 4.593475980278329e-02, 1.852869239044570e+05, 4.735084355402740e-02, 2.420880981878738e+00
235, 2.731873790003169e-01, 4.600679849777275e-02, 1.834359507514099e+05, 4.630697585642236e-02, 2.427204358446305e+00
236, 2.781749621841886e-01, 4.607204620471619e-02, 1.819085717734876e+05, 4.544560108476264e-02, 2.432894005125381e+00
237, 2.831626191126784e-01, 4.613139565186118e-02, 1.806819169835644e+05, 4.475382156910331e-02, 2.437323340359358e+00
238, 2.881503331516870e-01, 4.618573977464899e-02, 1.797199996264091e+05, 4.421134235742644e-02, 2.441306404280474e+00
239, 2.931380903918377e-01, 4.623597166315502e-02, 1.788309894321062e+05, 4.370997958879486e-02, 2.444755507317433e+00
240, 2.981258790370356e-01, 4.628298451912181e-02, 1.780422587060113e+05, 4.326517004321951e-02, 2.448078524431025e+00
241, 3.031136945158963e-01, 4.632705374128924e-02, 1.771511080175095e+05, 4.276260012971530e-02, 2.451396613461427e+00
242, 3.081015497912801e-01, 4.636635043721947e-02, 1.761872078388275e+05, 4.221900269363929e-02, 2.455166905318495e+00
243, 3.130894417799280e-01, 4.640067162740834e-02, 1.750570249646497e+05, 4.158162910839927e-02, 2.459176438278618e+00
244, 3.180773655392191e-01, 4.643001717536912e-02, 1.738339394296253e+05, 4.089186249599960e-02, 2.463702603206347e+00
245, 3.230653160705554e-01, 4.645438696409154e-02, 1.725904983215930e+05, 4.019061623296635e-02, 2.468418819085573e+00
246, 3.280532884501169e-01, 4.647378089676451e-02, 1.714321384246145e+05, 3.953735204236127e-02, 2.472723166625145e+00
247, 3.330412776843755e-01, 4.648819889605776e-02, 1.702285849468470e+05, 3.885860065382088e-02, 2.477343083125065e+00
248, 3.380292788210936e-01, 4.649764090462459e-02, 1.690826672276841e+05, 3.821235330594432e-02, 2.481600144758619e+00
249, 3.430172868967594e-01, 4.650210688487501e-02, 1.678625220526965e+05, 3.752424492767769e-02, 2.486287008320103e+00
250, 3.480052969455153e-01, 4.650159681902694e-02, 1.666509120927421e+05, 3.684095003644120e-02, 2.490927416924532e+00
251, 3.529933035021677e-01, 4.649577377095625e-02, 1.653446176979861e+05, 3.610425727566100e-02, 2.495913881015899e+00
252, 3.579812983683276e-01, 4.648350727846084e-02, 1.639311621194655e+05, 3.530713030599728e-02, 2.501342695694938e+00
253, 3.629692748375665e-01, 4.646522759989354e-02, 1.624474007193568e+05, 3.447035393569876e-02, 2.507182651633742e+00
254, 3.679572286107065e-01, 4.644153050301130e-02, 1.610839763237717e+05, 3.370144235946378e-02, 2.512568472778318e+00
255, 3.729451570011371e-01, 4.641301174805064e-02, 1.598367840906639e+05, 3.299808062636572e-02, 2.517445751601942e+00
256, 3.779330598744760e-01, 4.638026706971410e-02, 1.586775191572829e+05, 3.234430603491337e-02, 2.522239744612362e+00
257, 3.829209374329473e-01, 4.634389218231192e-02, 1.576163464906685e+05, 3.174585118080772e-02, 2.526664663905612e+00
258, 3.879087920075990e-01, 4.630448276404386e-02, 1.565991449900907e+05, 3.117219413631705e-02, 2.531016045816781e+00
259, 3.928966267151520e-01, 4.626263446421573e-02, 1.555974287335769e+05, 3.060727009048782e-02, 2.535262200222269e+00
260, 3.978844456315335e-01, 4.621894290326065e-02, 1.546448658771214e+05, 3.007006640703332e-02, 2.539251423950696e+00
261, 4.028722545273898e-01, 4.617412127446422e-02, 1.536921440400211e+05, 2.953277306546609e-02, 2.543125330610236e+00
262, 4.078600577790653e-01, 4.612867676195068e-02, 1.527529821412849e+05, 2.900312693456550e-02, 2.547167487066250e+00
263, 4.128478479787425e-01, 4.608182445827674e-02, 1.517508545450210e+05, 2.843797091115349e-02, 2.551366215392749e+00
264, 4.178356159973376e-01, 4.603267104782297e-02, 1.506815295428559e+05, 2.783491849725756e-02, 2.555886061745012e+00
265, 4.228233514802271e-01, 4.598032326898460e-02, 1.494647639082966e+05, 2.714871603160786e-02, 2.560898838895510e+00
266, 4.278110422906440e-01, 4.592388794265356e-02, 1.481204541890433e+05, 2.639058429469152e-02, 2.566511318164722e+00
267, 4.327986742279581e-01, 4.586247200408777e-02, 1.467259041798753e+05, 2.560411923717898e-02, 2.572535257402371e+00
268, 4.377862302438027e-01, 4.579518254880970e-02, 1.452352599495242e+05, 2.476346125241929e-02, 2.578908116104761e+00
269, 4.427736903019488e-01, 4.572112688081632e-02, 1.437080526461234e+05, 2.390218329766220e-02, 2.585592233888050e+00
270, 4.477610306747382e-01, 4.563941257949953e-02, 1.421483387678278e+05, 2.302257305999947e-02, 2.592547766057610e+00
271, 4.527482241539443e-01, 4.554919738068276e-02, 1.403709679152458e+05, 2.202021383257317e-02, 2.600643316379744e+00
272, 4.577352586253377e-01, 4.545055058391909e-02, 1.387449441682744e+05, 2.110320773650527e-02, 2.608122905603695e+00
273, 4.627221375014497e-01, 4.534433896013123e-02, 1.372720905924792e+05, 2.027258290083776e-02, 2.615086444677517e+00
274, 4.677088700031422e-01, 4.523145589471553e-02, 1.360429641176405e+05, 1.957940946326345e-02, 2.621119030558840e+00
275, 4.726954684370696e-01, 4.511279449139809e-02, 1.350174383206189e+05, 1.900105788057887e-02, 2.626021955455444e+00
276, 4.776819482586376e-01, 4.498924757342760e-02, 1.341632775193939e+05, 1.851934864158127e-02, 2.630342033448434e+00
277, 4.826683276841772e-01, 4.486170770446717e-02, 1.333772714470108e+05, 1.807607568122990e-02, 2.634277286783764e+00
278, 4.876546267977099e-01, 4.473106723254689e-02, 1.326179012921489e+05, 1.764782421043963e-02, 2.638218979562838e+00
279, 4.926408676469887e-01, 4.459821831680449e-02, 1.318529849665553e+05, 1.721644494254294e-02, 2.641972042795607e+00
280, 4.976270732555844e-01, 4.446405298838129e-02, 1.311549378977773e+05, 1.682277700343437e-02, 2.645478329053086e+00
281, 5.026132627457912e-01, 4.432929104594580e-02, 1.304703740271444e+05, 1.643671299687393e-02, 2.648816920074459e+00
282, 5.075994191300838e-01, 4.419330955978180e-02, 1.298374336933170e+05, 1.607976240150406e-02, 2.652120714385201e+00
283, 5.125855232713606e-01, 4.405542817259889e-02, 1.291735130005682e+05, 1.570534024211664e-02, 2.655502946244048e+00
284, 5.175715578393367e-01, 4.391505243507282e-02, 1.284205720549355e+05, 1.528071456342632e-02, 2.659271261902462e+00
285, 5.225575044131568e-01, 4.377158801415876e-02, 1.275416748201415e+05, 1.478505506052887e-02, 2.663699196635632e+00
286, 5.275433436361169e-01, 4.362444071349474e-02, 1.266498050317499e+05, 1.428207960621759e-02, 2.668116224444723e+00
287, 5.325290547941929e-01, 4.347301651267170e-02, 1.257272653844457e+05, 1.376180769627899e-02, 2.672780250196001e+00
288, 5.375146154969989e-01, 4.331672160753326e-02, 1.247019751270783e+05, 1.318358894763148e-02, 2.677957922320264e+00
289, 5.425000019880574e-01, 4.315496243432452e-02, 1.236142116684832e+05, 1.257013805279091e-02, 2.683595267787138e+00
290, 5.474851880132368e-01, 4.298714574392946e-02, 1.224447374464350e+05, 1.191060587018295e-02, 2.689744932414123e+00
291, 5.524701548735216e-01, 4.281293441291683e-02, 1.213543095639024e+05, 1.129565235707017e-02, 2.695655566492156e+00
292, 5.574549372080680e-01, 4.263351958884000e-02, 1.203413272137688e+05, 1.072437472843045e-02, 2.701110783843665e+00
293, 5.624395383977573e-01, 4.244914194452357e-02, 1.194312716521158e+05, 1.021114329540207e-02, 2.705987214523629e+00
294, 5.674239537030542e-01, 4.225980220412848e-02, 1.185954132477989e+05, 9.739755805744712e-03, 2.710514548588300e+00
295, 5.724081778741120e-01, 4.206550113084230e-02, 1.177813009403689e+05, 9.280632161217522e-03, 2.714946299081618e+00
296, 5.773922063534868e-01, 4.186623948073675e-02, 1.169867837323860e+05, 8.832559293580622e-03, 2.719309642860817e+00
297, 5.823760339734239e-01, 4.166201805334533e-02, 1.161683784646754e+05, 8.371014607691166e-03, 2.723739991104796e+00
298, 5.873596559505810e-01, 4.145283765245507e-02, 1.153769410641378e+05, 7.924678616411322e-03, 2.728147224428320e+00
299, 5.923430674065476e-01, 4.123869910503129e-02, 1.145595631564170e+05, 7.463713316508840e-03, 2.732680750167737e+00
300, 5.973262632463462e-01, 4.101960326709162e-02, 1.137591812771627e+05, 7.012333031426554e-03, 2.737228035448593e+00
301, 6.023092209232289e-01, 4.079518976584314e-02, 1.128864588218490e+05, 6.520155833406803e-03, 2.742128064108407e+00
302, 6.072918540281018e-01, 4.056363380563186e-02, 1.119653828305201e+05, 6.000709361260517e-03, 2.747266409595102e+00
303, 6.122741981908227e-01, 4.032594611741577e-02, 1.110774875027162e+05, 5.499975328450137e-03, 2.752411868044979e+00
304, 6.172562993226688e-01, 4.008321297430469e-02, 1.103002777652808e+05, 5.061663115311140e-03, 2.757001586918779e+00
305, 6.222381900916748e-01, 3.983620050244914e-02, 1.096370060693330e+05, 4.687606961662528e-03, 2.760878537695926e+00
306, 6.272198948571533e-01, 3.958546441606006e-02, 1.090765805019127e+05, 4.371551514948460e-03, 2.764325441047649e+00
307, 6.322014317007156e-01, 3.933141189457195e-02, 1.086119030808841e+05, 4.109493824473758e-03, 2.767459183612996e+00
308, 6.371828136808407e-01, 3.907433608130496e-02, 1.081632641847225e+05, 3.856481158773422e-03, 2.770469833181134e+00
309, 6.421640482907929e-01, 3.881443121624706e-02, 1.076408672879169e+05, 3.561872214820423e-03, 2.773663228900959e+00
310, 6.471451394323006e-01, 3.855178634869301e-02, 1.071407719377163e+05, 3.279840365283610e-03, 2.777280933140954e+00
311, 6.521260302395794e-01, 3.828536902639574e-02, 1.064542268389954e+05, 2.892659032953609e-03, 2.782084789848497e+00
312, 6.571061651376705e-01, 3.800525548717863e-02, 1.050396631949369e+05, 2.094907162912490e-03, 2.790455803881634e+00
313, 6.620851194566090e-01, 3.770491880558349e-02, 1.033495822409716e+05, 1.141775610854258e-03, 2.800660130609292e+00
314, 6.670630474095433e-01, 3.738796831347817e-02, 1.020111129775846e+05, 3.869376349565752e-04, 2.810084944440940e+00
315, 6.720412853156398e-01, 3.707594911775143e-02, 1.013172977047574e+05, -4.343756789763457e-06, 2.817894284753638e+00
316, 6.770207520444379e-01, 3.678419055405673e-02, 1.026338654648245e+05, 7.381427315636468e-04, 2.808395613807331e+00
317, 6.820011789226555e-01, 3.650925685149920e-02, 1.039799214850138e+05, 1.497259305636742e-03, 2.805081450433164e+00
318, 6.869819664685659e-01, 3.624091780071884e-02, 1.053606817904570e+05, 2.275947574893795e-03, 2.803425854476624e+00
319, 6.919626809660407e-01, 3.597122989569220e-02, 1.056486119205647e+05, 2.438327543232028e-03, 2.800601357569342e+00
320, 6.969429161031753e-01, 3.569285003849160e-02, 1.046870808487904e+05, 1.896066179572332e-03, 2.805855652332083e+00
321, 7.019221430217404e-01, 3.539703431658862e-02, 1.024524305109619e+05, 6.358213730707647e-04, 2.819296209624052e+00
322, 7.068994952449875e-01, 3.507131052171855e-02, 9.924715467731180e+04, -1.171813653484585e-03, 2.839642565313809e+00
323, 7.118744406198199e-01, 3.471064806060861e-02, 9.449211433778047e+04, -3.853447907916975e-03, 2.874854796403335e+00
324, 7.168472552714565e-01, 3.432166567635628e-02, 9.170993596162522e+04, -5.422474520249428e-03, 2.897925053140186e+00
325, 7.218187159070506e-01, 3.391569377407241e-02, 9.096438313462849e+04, -5.842933623980270e-03, 2.904038146096799e+00
326, 7.267899977716075e-01, 3.350753443885455e-02, 8.996487723028421e+04, -6.406611128104495e-03, 2.916287403132722e+00
327, 7.317621920042727e-01, 3.311065281869657e-02, 9.065834813519169e+04, -6.015523944765185e-03, 2.909068654460355e+00
328, 7.367345733253270e-01, 3.271609462910288e-02, 9.122080138920841e+04, -5.698324971719904e-03, 2.905887610389778e+00
329, 7.417068052538772e-01, 3.231965921185792e-02, 9.166111921394597e+04, -5.450005025443743e-03, 2.904041970323777e+00
330, 7.466788880332340e-01, 3.192135861140279e-02, 9.192575236546373e+04, -5.300763531513880e-03, 2.905221390667493e+00
331, 7.516508081008552e-01, 3.152102665533311e-02, 9.215045685596805e+04, -5.174040051620008e-03, 2.903325706537779e+00
332, 7.566225686407072e-01, 3.111866144032439e-02, 9.245054764596731e+04, -5.004802004318603e-03, 2.903061742358862e+00
333, 7.615944599124571e-01, 3.071800848169247e-02, 9.253832802522028e+04, -4.955297719378080e-03, 2.902073635655627e+00
334, 7.665661705601671e-01, 3.031506008805825e-02, 9.199406456029695e+04, -5.262238448953118e-03, 2.905538871011685e+00
335, 7.715369816684572e-01, 2.990123014974140e-02, 9.089077594226094e+04, -5.884444852977512e-03, 2.912632705147797e+00
336, 7.765057091502454e-01, 2.946323978649478e-02, 8.786026904043132e+04, -7.593517865182720e-03, 2.934468887584751e+00
337, 7.814703665454308e-01, 2.898129069883736e-02, 8.457807955303110e+04, -9.444528819974707e-03, 2.962394819725850e+00
338, 7.864328119811517e-01, 2.847693696890524e-02, 8.320655205732414e+04, -1.021801018937696e-02, 2.980598621321564e+00
339, 7.913981746132964e-01, 2.800243747333799e-02, 8.353538159914847e+04, -1.003256474617125e-02, 2.978146782064372e+00
340, 7.963677692061907e-01, 2.757431570422970e-02, 8.515560495210215e+04, -9.118829817996041e-03, 2.963786922727635e+00
341, 8.013379832358758e-01, 2.715337891548508e-02, 8.601932630484547e+04, -8.631728847149292e-03, 2.962754619188585e+00
342, 8.063049078210465e-01, 2.669535676410504e-02, 8.577312855946031e+04, -8.770573580368512e-03, 2.964336363050318e+00
343, 8.112697872198371e-01, 2.621555212441678e-02, 8.501004822696809e+04, -9.200917428659918e-03, 2.968056727925346e+00
344, 8.162356961762891e-01, 2.574654118405651e-02, 8.555436738627667e+04, -8.893945289893668e-03, 2.965785385806894e+00
345, 8.212019387445901e-01, 2.528104801821884e-02, 7.641058688003526e+04, -1.405063656266737e-02, 3.042229548917292e+00
0, 8.250000000000000e-01, 2.410000000000000e-02, 9.378966394736625e+04, -4.249599127353283e-03, 2.201959705603338e+00
1, 6.750000000000000e-01, -2.600000000000000e-02, 1.456146619524380e+04, -4.893082869395154e-02, 4.055809835945157e+00
40, 6.702417350885302e-01, -2.749450820982932e-02, 2.836913929572901e+04, -4.114390649847859e-02, 3.606532696838380e+00
41, 6.655309100755723e-01, -2.913407735262022e-02, 3.099309473994255e+04, -3.966411068206688e-02, 3.532226297956747e+00
42, 6.607818407000917e-01, -3.065778892713028e-02, 4.038086713258978e+04, -3.436981868381670e-02, 3.397681841070171e+00
43, 6.559553226723687e-01, -3.191393370625581e-02, 5.178163197606373e+04, -2.794028720816962e-02, 3.246457823514245e+00
44, 6.510685676214785e-01, -3.291154930155445e-02, 6.316065358849082e+04, -2.152301796144468e-02, 3.119491342445232e+00
45, 6.461471369416079e-01, -3.372291570876360e-02, 6.992682412873204e+04, -1.770719445702610e-02, 3.052930841365380e+00
46, 6.412102877524105e-01, -3.443514431615188e-02, 7.474103461834317e+04, -1.499219083241723e-02, 3.008590508350536e+00
47, 6.362646331146473e-01, -3.508361989374489e-02, 7.804053308020509e+04, -1.313141837498568e-02, 2.979802409635176e+00
48, 6.313131847932172e-01, -3.568634588430565e-02, 8.070598552189890e+04, -1.162822007153846e-02, 2.958041941662432e+00
49, 6.263576024118653e-01, -3.625412623788382e-02, 8.265456187316014e+04, -1.052930844980571e-02, 2.942341106439172e+00
50, 6.213989052972324e-01, -3.679405340030856e-02, 8.409983429970905e+04, -9.714238172946150e-03, 2.930781929745595e+00
51, 6.164377674463941e-01, -3.731109001615638e-02, 8.542100683383438e+04, -8.969154793932180e-03, 2.920762590335700e+00
52, 6.114746609478845e-01, -3.780888433260085e-02, 8.674332252064727e+04, -8.223426726926922e-03, 2.910834812268376e+00
53, 6.065099317732721e-01, -3.829023525399246e-02, 8.807039675338827e+04, -7.475015048668984e-03, 2.900692786135492e+00
54, 6.015438458645468e-01, -3.875738527904019e-02, 9.014518027393491e+04, -6.304928117339590e-03, 2.884056228538139e+00
55, 5.965761655551750e-01, -3.920718191770216e-02, 9.274948993569694e+04, -4.836211660810299e-03, 2.864854127832301e+00
56, 5.916058372265431e-01, -3.962671471340159e-02, 9.605534217078191e+04, -2.971855953878591e-03, 2.841536511358670e+00
57, 5.866331885352770e-01, -4.001780301458660e-02, 9.858821836782906e+04, -1.543424839263158e-03, 2.824792117003982e+00
58, 5.816585945739610e-01, -4.038333315507974e-02, 1.007301330413402e+05, -3.354788812011040e-04, 2.811093733390390e+00
59, 5.766823866685105e-01, -4.072620906427317e-02, 1.028700512343079e+05, 8.713411493753096e-04, 2.797577661293519e+00
60, 5.717048571415809e-01, -4.104934894417514e-02, 1.045439115780460e+05, 1.815324988500095e-03, 2.787213404340973e+00
61, 5.667262643831413e-01, -4.135568240089545e-02, 1.059046186558906e+05, 2.582704116677230e-03, 2.778971523610581e+00
62, 5.617468370265148e-01, -4.164814804750382e-02, 1.069671733459387e+05, 3.181938371401028e-03, 2.772226324745094e+00
63, 5.567667795483091e-01, -4.192969137541213e-02, 1.080168019448691e+05, 3.773882877512441e-03, 2.765510183258005e+00
64, 5.517862774136855e-01, -4.220326295817809e-02, 1.094438599875789e+05, 4.578681040543619e-03, 2.756450388436487e+00
65, 5.468053264033799e-01, -4.246850824961013e-02, 1.114351146331736e+05, 5.701661348940045e-03, 2.744454824834840e+00
66, 5.418234676168704e-01, -4.271610243031766e-02, 1.136683585475885e+05, 6.961112994304610e-03, 2.731306888702716e+00
67, 5.368407973170268e-01, -4.294679999862700e-02, 1.155604164624093e+05, 8.028150696082240e-03, 2.720459351534094e+00
68, 5.318574491300555e-01, -4.316236886934045e-02, 1.174781544477391e+05, 9.109670831617680e-03, 2.709796839089309e+00
69, 5.268735406603228e-01, -4.336458066716255e-02, 1.191386935810187e+05, 1.004614209214687e-02, 2.700763759814606e+00
70, 5.218891753382030e-01, -4.355521000886072e-02, 1.205213941922031e+05, 1.082592460876423e-02, 2.693395952143838e+00
71, 5.169044443875926e-01, -4.373603388658812e-02, 1.216290242295640e+05, 1.145057938292705e-02, 2.687400317529736e+00
72, 5.119194285100177e-01, -4.390883115352685e-02, 1.225525036320015e+05, 1.197138127355486e-02, 2.682339920172253e+00
73, 5.069341998496895e-01, -4.407538207646964e-02, 1.234581125511761e+05, 1.248210499519993e-02, 2.677402108285606e+00
74, 5.019488238846392e-01, -4.423746795559047e-02, 1.245583346464908e+05, 1.310258201486914e-02, 2.671590403443582e+00
75, 4.969633080242261e-01, -4.439517901704985e-02, 1.258646387475861e+05, 1.383928024959917e-02, 2.664945757952908e+00
76, 4.919774947426082e-01, -4.454318043811525e-02, 1.274179049500639e+05, 1.471525428081569e-02, 2.656967164000044e+00
77, 4.869914085423454e-01, -4.468168739776632e-02, 1.288792554966766e+05, 1.553939191240444e-02, 2.649583007975015e+00
78, 4.820050906313182e-01, -4.481158987586339e-02, 1.303587551494807e+05, 1.637376484409051e-02, 2.642160005835465e+00
79, 4.770185775503493e-01, -4.493377849675257e-02, 1.316326291728744e+05, 1.709217393697757e-02, 2.635904047614186e+00
80, 4.720319020043766e-01, -4.504914440698340e-02, 1.327321863573893e+05, 1.771227597611040e-02, 2.630591033379801e+00
81, 4.670450925485226e-01, -4.515857919554077e-02, 1.336698135760713e+05, 1.824105661475240e-02, 2.626000704915216e+00
82, 4.620581750696402e-01, -4.526297478584065e-02, 1.345551931105554e+05, 1.874037185044186e-02, 2.621752513278198e+00
83, 4.570711723992903e-01, -4.536322338235474e-02, 1.354092852593079e+05, 1.922204237245518e-02, 2.617700410337529e+00
84, 4.520841053279884e-01, -4.546021739620617e-02, 1.363258053849266e+05, 1.973891953610468e-02, 2.613362403041993e+00
85, 4.470969798685276e-01, -4.555415586550284e-02, 1.373538910070425e+05, 2.031871474790033e-02, 2.608687149333509e+00
86, 4.421097547127205e-01, -4.564264042992685e-02, 1.384687413970447e+05, 2.094744148435781e-02, 2.603605249052583e+00
87, 4.371224351072640e-01, -4.572562813492964e-02, 1.395877809306494e+05, 2.157853071412324e-02, 2.598568436544538e+00
88, 4.321350316113374e-01, -4.580341624049028e-02, 1.406592391513390e+05, 2.218278616973053e-02, 2.593721333631001e+00
6, 8.200832973864028e-01, 2.456922953006022e-02, 1.163223140843999e+05, 8.457827547509733e-03, 1.587355445575738e+00
7, 8.151549003728792e-01, 2.490001424981540e-02, 1.063079529419024e+05, 2.810166968751160e-03, 1.582409909661197e+00
8, 8.102189895278765e-01, 2.508537032882776e-02, 1.011254796192008e+05, -1.125207462827378e-04, 1.585116591387798e+00
9, 8.052801906137981e-01, 2.517162624340153e-02, 9.712151283268268e+04, -2.370582449581513e-03, 1.611230038287786e+00
10, 8.003408167876509e-01, 2.521650082905064e-02, 9.403527778304831e+04, -4.111083693603576e-03, 1.628736872910406e+00
11, 7.954012664588151e-01, 2.523132488339868e-02, 8.900107122427337e+04, -6.950155454923199e-03, 1.652517876966985e+00
12, 7.904617714215746e-01, 2.520483068079056e-02, 8.570221035175516e+04, -8.810568339921663e-03, 1.659797334356382e+00
13, 7.855223580296435e-01, 2.516419899807532e-02, 8.096566720345464e+04, -1.148177098955715e-02, 1.656848889243783e+00
14, 7.805832980485384e-01, 2.509529457424547e-02, 7.590527082781946e+04, -1.433561265922557e-02, 1.654571223228036e+00
15, 7.756465801712363e-01, 2.493035791484806e-02, 6.865855078622351e+04, -1.842244501147030e-02, 1.668234471175568e+00
16, 7.707123856432238e-01, 2.469981429875073e-02, 6.462527413211048e+04, -2.069703619492553e-02, 1.666345256029582e+00
17, 7.657796432674099e-01, 2.444057926519563e-02, 5.977412206238040e+04, -2.343287325092220e-02, 1.655395100319602e+00
18, 7.608525536978611e-01, 2.409097350025278e-02, 5.150529833106809e+04, -2.809612726738256e-02, 1.658760295544492e+00
19, 7.559366895737542e-01, 2.360939629201353e-02, 4.436124644404042e+04, -3.212505928220202e-02, 1.681165533457093e+00
20, 7.510328943842176e-01, 2.301598541971801e-02, 3.753559904336042e+04, -3.597442512799102e-02, 1.731266918941741e+00
21, 7.461349552304353e-01, 2.237616260953087e-02, 3.418932047623450e+04, -3.786157951359657e-02, 1.776846198404097e+00
22, 7.412475802490307e-01, 2.166038338129573e-02, 2.879651129495303e+04, -4.090288743014880e-02, 1.788523642772476e+00
23, 7.363776079893345e-01, 2.083489523984644e-02, 2.416826858709678e+04, -4.351301338008712e-02, 1.780018857258098e+00
24, 7.315364319925257e-01, 1.985529378759009e-02, 1.834744281577558e+04, -4.679570388592545e-02, 1.770476703864118e+00
25, 7.267390950011727e-01, 1.867960745739964e-02, 1.382862329000802e+04, -4.934411995910866e-02, 1.768239660932385e+00
26, 7.219829596468681e-01, 1.734668277842380e-02, 1.167230591698870e+04, -5.056018840816964e-02, 1.652012642148706e+00
27, 7.172706057584223e-01, 1.586640885745109e-02, 8.722827224791075e+03, -5.222356506303419e-02, 1.595915613108499e+00
28, 7.126089892385730e-01, 1.423348328417903e-02, 6.237928553396379e+03, -5.362493895688055e-02, 1.551595649447938e+00
29, 7.080113924459356e-01, 1.242843581568092e-02, 1.986579049974920e+03, -5.602251366537667e-02, 2.135407730085556e+00
30, 7.034992761422786e-01, 1.041950766315203e-02, 7.146627518721220e+02, -5.673981868704121e-02, 2.291454447511044e+00
31, 6.990960181752880e-01, 8.182442609806783e-03, 2.570118007016292e+02, -5.699791375660971e-02, 2.289459960156216e+00
32, 6.948374706544455e-01, 5.681373359240978e-03, 1.307272379629325e+01, -5.713548469984348e-02, 2.749481720629471e+00
33, 6.907682845715607e-01, 2.883278264356988e-03, 3.740523818919266e+00, -5.714074765143624e-02, 3.071083490806160e+00
34, 6.869637576383592e-01, -2.636363096236761e-04, 1.673991374896595e+01, -5.713341656550762e-02, 4.526799005455719e+00
35, 6.834739861294898e-01, -3.757329744614628e-03, 7.597100579615269e-01, -5.714242869969591e-02, 7.783121031528925e+00
36, 6.802885665642784e-01, -7.530685373645046e-03, 3.208777257957783e+00, -5.714104753318082e-02, 5.202504572501046e+00
37, 6.775300321619248e-01, -1.162111249755850e-02, 6.772547038700486e-03, -5.714285332343758e-02, 1.142325820091125e+02
38, 6.758043267383196e-01, -1.623651407908191e-02, 1.127054399328905e+00, -5.714222153359455e-02, 2.633728793423488e+01
39, 6.748154049847571e-01, -2.107458180063514e-02, 3.477656810134399e+02, -5.694673254745287e-02, 5.636657993491371e+00
